output.images/single.barplot.svg	b48f08aa26281c65c373e953a81c83a8
output.images/violin.svg	b7a3c3b41683490ad781a205f2b4c931
output.images/single.violinplot.svg	32c3b875c32acffc17f9db9349bc14a4
output.images/imshow.single.svg	94f5641a6f8efe249fe98a26a1552a59
output.images/imshow.multiple.svg	59cddb62d89857fc1e42bd0ffac3b419
output.images/barplots.svg	b358a826dd31ed7c56a1cc7a6667cb9a
output.images/single.tab.svg	f160e03c5dcb42ed17a90b6b8f048da4
output.images/single.hist.svg	28b7626263acc93cf9bd048eb540697c
output.images/single.array.svg	59985184ba701457ff5dbab05f7838ab
output.images/single.boxplot.svg	4d357da1893e7186394849b064c336d3
output.images/plot.single.arr.svg	34f40a9cb630a16a3c3e940a13a1d090
output.images/pie.svg	f6375073a2e634c2ea9a947682acaa67
output.images/single.hist2d.svg	50d60465dbca97d6eec622a5c76c9d0b
output.images/plots.svg	6589f23775818f4001764ded438fd7f2
output.images/plot.single.svg	2df88500948dfd7ca8e451b936d797ed
output.images/tab.multiple.svg	b9729f60cd4d8f005c2d0b5f7973ed0f
output.images/add.single.svg	98013e5ed409bd3a91625ae313f35eab
output.images/hexbin.svg	203cc34a6ee662ca4dfbc29e38ea5b37
output.images/scatterplots.svg	cd10d6c7b5d8779718042f895797734e
output.images/hist2d.svg	3ad5de76d3030079ed4551fe821b5b06
output.images/single.wide.svg	730f684849f831edbc28a5b577a0159c
output.images/wide.subplots.svg	b11dc4bd24db2731bfec3939a1b08514
output.images/single.pie.svg	9db9608fe133adafaca0a61c9acdcb6f
output.images/histogram.svg	9014e54724e9ddd41f77fba6f4c2973f
output.images/single.scatter.svg	b345782e60caed1cf32fd6e9c19cac7b
output.images/boxplot.svg	0c22b9b495b93ca70d99a3cabc010a28
output.images/single.hexbin.svg	cb7a2c5d6e72fcd748360c868fbc07a3
output.images/hlines.svg	26eb95998e6c4e9566d383838be9df6b
