output.images/single.barplot.svg	KPNVbJB7pRD2RmiIFgnpb3+7QaU8SBsKd4BHq4vR17Mc0GSL9bTXumFCp6wOY2Hz1VHd7bg7/reJi7ewHrRABg
output.images/violin.svg	UeTCIuO/vQOOATrW7rEpdyWixXpSBX40hcdSf7zgk5el/ote/lBvS43M8z15axGFVPeNTqs69CnyYjTDzOxneg
output.images/single.violinplot.svg	l7dyMnOkv7phIc//2P8RR1tX6gUF706WNCwAzvKlLWWn2QdNP7Kngvqare5Ip8jZinc9iFhU1OMIL7tnvRsy7g
output.images/imshow.single.svg	k2UrcAHG0rOtYaUVvIVxRnea6JxMWo/RprtUkNeKAMCmx4nE6DXu1pBXPmIKtGOPQ84QW8JKwgpl4VzUOBdeDQ
output.images/imshow.multiple.svg	bkMaBxjqDQPAb9QwjR9fFw79wSagrKcp4iso94RJk5ViOb6bK5P/b9CnLBR3gyK+LCdR1iR6kRnr43P5nlS+NA
output.images/barplots.svg	cKZshZQSXdp+owNmszBHJg7m/8YhcEvRaeCDvDUIrVbLvu/8/w4nDkyTH6E4X3UUKb3qk0bc76QNtm84nQ64Fg
output.images/single.tab.svg	qq7gu/fifgCasdtAq9Mzl7lyVYVuKnq+G/3x51re+t3Rxu2NWD+jU6wRTwLVkO7QbMfsj43pZDM/mM6M5W+WTw
output.images/single.hist.svg	zgdeLzybpqbcNw8041LFwJ6fkJHoSSX/mldTpKHgUuvLcYfmvxoOkabd0bbrG82CVul6ykwqXjxWSORt0xpUMA
output.images/single.array.svg	AvxVIV8/g4j1Kb4Va59l5YFbqOhJciXADawtCWjZRDaVjciy9iwKSUBdFOI84rr9WSo+/ZjWuy8PZaX/g2h+aw
output.images/single.boxplot.svg	02edFAprod2MNZwCkUNJupgHycEWXTppXUodE1jTCROCdZOUSbzDypK7XRuwIwRRtOt1SYQD16bDOwxleqjyJg
output.images/plot.single.arr.svg	UHXfdJBVTcDBlImKUPQz+szdomb45vcOpR9WIFmT7G14rTBdmodBWWg9XaOBNb+0iCdguGKkMIhl94W2/HHMiw
output.images/pie.svg	9RIN7derf75CTNHqnSOtY7YaB42VMF97TNEokQ0NacULJeSm4bFVdpqm/sqiFC882owjG5bJT3KfC5zRnfqGCg
output.images/single.hist2d.svg	N6OLZuINrKYfZIGV70B4b5awRYhnwViEeHVGq+zxsbM6yN8MrNASE86EmlBpycebb2b43uTZOqLBIf1LWN41Wg
output.images/plots.svg	JRaOOB64Gl4uH7m22NuDDln5x9P5UTyTrMP4uWZ/+4MQAqres3KJREAoxK6JSVswzWTcVkPTAfxadfM/D5HwbQ
output.images/plot.single.svg	TINAH3d0pcpEwxMOGnOSkMmx/LWHGLo4xJFpIXU7JEKY06m1QSczMVVhvGM1r3UVGwn1NpJsaodOtueX+e65jA
output.images/tab.multiple.svg	lCzNt0pvIBP+r4N4GKxcgC8XllRujy9lxzWj9ObQEop0b+0rHoCmugqv1yNREWnMFEZdHPOytO/yvo0RDbbKHQ
output.images/add.single.svg	PwaDclK0cVRPBytmof8BZZtcvbAd0K2dmiJTqzGfEwEW2bSMJk+xf4GR3w/o4k6CuqondS9xdYoGBixD1U7P5w
output.images/hexbin.svg	iKFtlDSAEFROqw9vPV6klaft6NACbFYV36LKH2TMLAJj4M7uBSC6Cj/ouuIIzPJSqth1jV5x77imyIRRvTL/+g
output.images/scatterplots.svg	9DrWlRGZUlLgPMInWz3s5NDwFQoICIdiXUOqUkrz3+Ze1uLiZo2B6sOuTuOk85khXLr/65dGOt8vFOwTpbRI2Q
output.images/hist2d.svg	GQa0NXIraDZgnJFSKdtHbyix6EC7avxeqj7zvRFYXzPqv2Vr8ZE/Iu+Qc1Y6+rY9KiPDrhIwwXnQibPZ4XUR7w
output.images/single.wide.svg	o9J9fM9TayDVnYQT7NN1DFrPAp/uux4r8w4rnpjRUB6uOCLLOUSkoIHxQZPNhLvKPZOLHtwpEDQqZ910GgyeBA
output.images/wide.subplots.svg	tLMZFsWrEB//t5iK3wCNZkGjchGNuRT0UE9bqMcahNC5Zrko9oNIV0uEcgAaq3TcPCEMtSlzpawEhLgSxJ5Qgw
output.images/single.pie.svg	U2Hv1TLIJovZhmM5fXgwyeMeigsQB88Ymv8Hnc9q2M9MMSqqqf1x2E2PRM/DVjGQ04wZuLjSuTKTp91dWNXAhQ
output.images/histogram.svg	pB9brWjbj/3lwGfBCjyPE5/ln8DNOhb1qg58AxDjjiGVMQ75HG6gMmqb4rV8N26Lq2V0I1eX8/t6+U6kQvDRdg
output.images/single.scatter.svg	rnFKwEWA9I4Y2lmpu0LMwT5uf6gm2cp8j8CrmOpf3bo29H0W+nnSrPAv6dM6DQVF4hLsUqd8P2m4quKNU/g9iw
output.images/boxplot.svg	n2tqoWiKk55oXkyAnmSsPSTN+pXV3GpRlnfX3yhvBrX4RCZb9U2WQrFdltGeqPRgcHijJPzxy+lpPc0L1/BdKA
output.images/single.hexbin.svg	2ifSzeDw8iGxzmT9qciQyy2O2AOVYnZxCLAYgvf9EGvRcw61HN5/BCdNRmbzHEJOYKbV0e+BWFi68Smjmhp2+A
output.images/hlines.svg	tbwNJkHz9VIKixWIQfCqJBuCuGv6BTQt1c91SCClJnOC8pCdeRhig0CWO6YwCsgUgIDQhYAghp4aH8IH8CxcSA
