output.images/single.barplot.svg	06q9OSVTGCbm9yo5V/udeZyMF2MAUXw7RtS9eGQAYgu+UftKt2xrNc6frVELzy4fU2SFqnAYv+AihQVOM3YZDA
output.images/violin.svg	w0fTw5V3gK3OIM8LshbX6j5rCp/DnMRKk60BkCiIDjvaS3fzueq+TtTp1jeEQWzmjv2Mjbr08+qhx5OMYM9uYw
output.images/single.violinplot.svg	nR+11bH6Zrj9HvjAqoOtnrA/Nv7qpAQ5povfvIoO2Bhfnz+Yap7CYgbEeznH+U4zpDT6nz/c08n8Os1U6RkX6g
output.images/imshow.single.svg	g65w9firxHuM5RIPQ1dTiSxHKfiuwh5d7MdTunLnu96saEAAXqFPFtbN/yN3nuiuMGs+zLvLfflSXo5Nb0nb3g
output.images/imshow.multiple.svg	8lmcX55/AcOZNs9yQsYmN79DxlweR8tCu1cN4xaGZU+8XYh3LHFTVkI9xXPmZmit/6Z5ah/cYF7buMfCrG7Ybw
output.images/barplots.svg	2ex1pDYhl/OK5lgBZ/U/oXX3FwjVuTIFSR1Ufz643wO2hdN9V0gJ12dHk+Z6vDNnRhRse59J/ypmKbZX7EuEnw
output.images/single.tab.svg	pRFq/UK9yKS6z9GJ2iWiVMUoxMaopxrafe2ytXV9Ckndkf8zOR5M1gxTfCkYQCCVC7mKjMxgzCNMQBHWV7yaTA
output.images/single.hist.svg	hNSDolmGlIYtEPbT7sBQBjTFMVggoEf0lJrLR3MWK3KlcpoojAUUltn1ulOMvlwJ3JMOBYugWqOwt14sNw6sYw
output.images/single.array.svg	E1QsDsrHH3IMhiWQvYh7fmx1EJS2kHOyBz37VF/vt/EcrQqaWlPPZxczLQLHXKL38pNIt8F70sZ8nc7AK2co4w
output.images/single.boxplot.svg	KvHAjsaKRPxyicQZQFIc+H1ht1LwYQ1BhOQo3o/PNf9UqFsMDE9XLBAJnd/1kpD3CaqED8FKyud5vbdFslb+dQ
output.images/plot.single.arr.svg	SW6knQxoyY/TZIJvE6jjyKuL5dIp7BHzQbcBfTWr++EUxODWHkD5mRPB0qj4IEJN4jzcHburOL9NjASUjdBauQ
output.images/pie.svg	dYIormEdBAKumb+OSwSue+xg58k3cbAwnV502exfGJEzddXmHUZi8Mg/QkeP3/XhV9OPUyKsNd2d/vU34KEh/g
output.images/single.hist2d.svg	oF8y9p85c200N9B5iImZrVdQj+fGFH6NG2XaOvPIvawN+zeSgZlCNCo4Yg9IgxxfU2CbeNyCJ2cafv9F8YwTcg
output.images/plots.svg	SrVnDLUCrGn1ts5HiDr5R3MH+iVHPYNDnzCkH0ZVphpJgb79CzRecwy4QqvG7M+USXIXOQlTWRCIAmDTxhSfCQ
output.images/plot.single.svg	nT5xsjxdlVZbYGbHGUYZaEoLh+IEQ8cNUGlGp2O9473CjpuHBPqlDRu0WJ0ZcfcEvOCOPR6Kqpwyi2ebMdr3Mw
output.images/tab.multiple.svg	nXu3JP0RrW8WW86eW1LxGM9oCycK2scL4gQhvNZcrijTZRwK4i+1hJu6BiO0kVAYCtKkDPZx4l9ty0PSxCMe0Q
output.images/add.single.svg	n5mOD24P58JZvI6PIF1+eGMX84858rs1yTubDQqIxUIXyX2rOg7WVGzs5VTk53NJ4ICxb8+eAU19oUAp7YvfcQ
output.images/hexbin.svg	/RySOSm5EVOAA5w1+CWBQTcSmR0GWGMT9Cu71Y/eta4QLWHd1WEuJHC4/eYSLuJs6MGdi8vzRYnDTBQ2j0Wx9g
output.images/scatterplots.svg	eoMK7rAGBm+DcYDWU2cjdRtHOfOPI8qFTj9SA3VDUikmQElvga9c/zfAnW1s7YOAq13QDS59c/bCv5uprH8geA
output.images/hist2d.svg	KYD/htyY5+ZnpOazSh8atUfSXF75NCDfpneW65Q9D/xHIQ9Riww3AaG1EczBrjpHZ1s5Gsyqiv8kQ1CAVXkIVg
output.images/single.wide.svg	ocVvwFddOEYmmr/RZubP0bLZF4nuQcSRdrCOs25NJxrFBuiI3cb78IfYkhanVfzDOB4XfXUvkxnUAW7P0AAneQ
output.images/wide.subplots.svg	DcmFRfJrrg89EuPFbIxa0k9/9hCkYFbfS2nqDiAIpGWrUVeqj4K+p5sYaAO8MngZywGFyhDEfbugY2ZQ6HTdHw
output.images/single.pie.svg	KJ/3eQRUkUwtLAHaZCyiSloH57WnlxBLnF2D/c8rD3/KwcmMMxAi4NTu/Hy0grepK5a/6glEvZsXnkYvIUkIMg
output.images/histogram.svg	Fg137hkj7IkYjDN6pgDnFwexopUaiZja/DPEqpuY2tEIgBDni2GiRrGzndSgKxH+4VJVwaLKBVVqUyyqmU/evw
output.images/single.scatter.svg	4BXf9N83PuwErfzPIrJwLmwU6XROvwfDq0oU2mSOIcYIGUf/6a8VTw7D8593ceC9QY70taOoH4MnCJqQHiO+MA
output.images/boxplot.svg	TrmqSvFbhpyLnQEMSUc8Tiw8f9R4ZC2s93X5qsXNXYe6iTJvqOdOQjl7pyTcKMuY7t11KQ4hU1DRlvqIYV4tRA
output.images/single.hexbin.svg	xtNxYvpFLW150HF1JsfnyOLhDIB0gBcuAEN7z3bxikAwaQlVP8FcVv3FfTXet0xNYin4LVPeSOdMpFMbQDKTmg
output.images/hlines.svg	ggyEEfACdk8zRb87Rwyps0kUFIyjEHy71Uu/mCn/PvF/G18/SIBOFD33sVXfsSypwCQfAsDuShpI5x460olO2g
